claim_amount,vehicle_age,accident_type,police_report,witness_present,previous_claims,premium,insured_value,fraud_reported
122458,13,Rear-end,1,1,7,4552,191198.88957391054,0
671655,23,Rear-end,0,1,0,872,1153127.098402781,0
132432,18,Parked Car,0,0,8,2748,304557.8674384079,1
1414914,6,Parked Car,0,0,1,1348,2911741.199175739,1
259678,2,Front-end,0,0,8,3056,606456.5891614602,1
1693243,14,Parked Car,0,0,0,2822,2344998.5634472915,1
110768,22,Rear-end,1,0,9,1003,257281.45002148458,0
732680,13,Rear-end,0,1,8,3689,867249.2722630263,0
1103962,10,Parked Car,0,0,3,1202,2587729.9743619435,1
137837,14,Side-swipe,1,1,8,4125,215122.65955533972,0
1000390,12,Parked Car,1,1,6,814,1541023.4516275371,0
1570506,17,Parked Car,1,1,5,2876,2853490.0551313967,0
1136574,5,Rear-end,0,0,4,1540,2747061.0131898825,1
1948235,2,Front-end,1,0,8,4878,2273383.557828109,1
913256,18,Rear-end,0,0,1,3490,1454929.471916892,1
175703,14,Front-end,0,0,1,757,403976.4753786794,0
1240411,24,Rear-end,1,0,8,1074,2052230.5625742867,0
278667,22,Parked Car,0,0,2,2052,384231.53725575464,0
41590,4,Rear-end,1,0,7,1257,70483.06600220279,0
329865,9,Rear-end,1,0,8,3310,540903.8862663693,0
1113896,6,Rear-end,0,0,7,1604,2652835.423208537,1
787701,24,Parked Car,1,0,3,3959,1706718.157590099,0
1370955,16,Parked Car,0,1,0,4492,2477537.4754150338,0
1767391,6,Parked Car,1,1,3,703,4389702.242004045,0
327569,21,Parked Car,1,0,8,3275,573700.5938995321,0
1826073,11,Front-end,1,0,1,2832,2157565.4426152613,0
1248117,24,Front-end,1,0,2,2492,1831217.3556090551,0
792243,16,Side-swipe,0,0,9,2743,1355130.5996445445,1
103855,12,Parked Car,1,0,7,806,137053.67084297343,0
1284872,19,Front-end,0,1,5,2187,3117859.0585863157,0
1263252,24,Rear-end,1,0,7,4609,2745789.9654125366,0
185279,3,Parked Car,1,0,6,2360,273398.0778912802,0
1396525,9,Side-swipe,0,0,4,2461,2691280.1216395507,1
1470985,2,Side-swipe,1,0,8,1222,3103820.7437191536,0
989936,8,Side-swipe,0,0,3,1279,2393457.8568727924,1
1307871,12,Rear-end,1,0,5,1028,3052949.5280659506,0
486732,17,Front-end,1,0,1,843,886469.9596577871,0
917540,14,Rear-end,1,0,1,4286,2004378.6706708397,0
1549262,3,Parked Car,1,0,1,4182,2923461.5078462046,0
157230,14,Side-swipe,0,0,9,708,294615.2856846044,1
1919986,21,Rear-end,0,0,6,3906,2420408.7350706765,1
1433757,1,Rear-end,0,1,1,1811,1830323.7502019699,0
1198579,14,Front-end,0,0,1,2799,2206999.919064003,1
655311,7,Front-end,0,0,8,3836,967505.199062433,1
527535,7,Side-swipe,1,0,6,2447,595825.2832752767,0
648643,16,Rear-end,1,0,2,1419,1369917.7256296235,0
1501442,11,Rear-end,1,0,2,2544,1719873.6369907449,0
66225,18,Front-end,0,0,6,918,128038.59232296242,1
1179057,9,Rear-end,1,1,4,2249,2186999.0042513167,0
85154,8,Rear-end,1,0,9,3342,209167.22462604727,0
953777,4,Rear-end,0,0,5,1599,1695718.597570606,1
1954854,5,Front-end,1,0,7,3892,2324403.5312324357,1
592223,19,Side-swipe,1,1,8,3272,1108856.5247015448,0
319530,1,Parked Car,0,0,0,2980,727740.6431557479,0
1378023,23,Side-swipe,1,0,2,2045,3438979.0377827077,0
556339,12,Parked Car,1,0,6,1570,947156.2672698068,0
1951724,5,Rear-end,0,0,5,2350,3022085.0400609975,1
274038,4,Side-swipe,1,0,6,4698,649282.2386661846,0
331736,24,Parked Car,1,0,7,3439,453728.25850367465,0
528678,0,Front-end,1,0,5,2403,1037055.0191184886,0
566394,20,Front-end,1,0,2,1178,944745.3017973612,0
489992,21,Side-swipe,1,0,1,1488,567173.2422370234,0
1305916,20,Side-swipe,1,0,6,2975,2071449.0052959595,0
473754,5,Rear-end,1,1,0,2107,697043.702829625,0
349957,5,Side-swipe,0,0,2,3369,721096.0627448412,0
666487,22,Rear-end,1,0,3,2002,1618434.8454092708,0
1320012,15,Rear-end,1,0,0,2289,1947368.9054684709,0
1289007,3,Front-end,1,0,4,1925,2882287.086159329,0
1288705,10,Front-end,0,1,9,2940,1517454.9620426584,1
1254117,23,Parked Car,1,0,2,2542,2324342.0894473405,0
698861,22,Front-end,0,0,1,1778,837773.6633041049,1
1780988,8,Front-end,0,0,2,3094,4287988.968330884,1
1466189,22,Side-swipe,0,0,7,2936,3185870.044764823,1
68648,2,Front-end,0,0,5,4303,138746.523706122,1
1826165,18,Parked Car,1,0,6,2705,4115180.5300494474,0
649031,7,Side-swipe,1,0,5,1527,1302298.6886141782,0
1301071,4,Parked Car,0,1,5,4039,3196109.738086333,0
907106,3,Front-end,1,0,2,3983,1904506.35355815,0
679343,23,Parked Car,1,1,7,2741,1626701.7953332053,0
1959866,5,Side-swipe,1,1,6,3265,3574765.4977342496,0
573343,1,Rear-end,0,1,6,1673,724642.5864251642,0
257008,19,Parked Car,1,0,5,3730,472753.0597584815,0
804091,10,Parked Car,1,0,4,3850,1027324.3188661131,0
897442,3,Side-swipe,1,1,9,903,1731606.146114644,0
107030,14,Side-swipe,0,0,7,3225,190030.72517558606,1
604865,5,Parked Car,0,0,4,3882,1192555.1952141759,1
1871428,21,Front-end,1,1,8,4663,2084893.882326074,0
460837,16,Parked Car,1,1,8,587,632626.2907141763,0
1773915,23,Side-swipe,1,0,0,1658,3171516.2923755706,0
806389,5,Rear-end,1,0,5,4773,1960093.7631368209,0
1508849,18,Rear-end,0,0,6,3357,2470065.2637031768,1
208761,24,Front-end,1,1,2,1881,353666.359943376,0
1813545,1,Parked Car,1,1,6,2564,3809486.4262325205,0
1390173,14,Rear-end,0,0,6,2874,2704317.2442846005,1
1364215,10,Parked Car,1,0,1,817,2071555.8529989566,0
1220905,7,Side-swipe,1,1,6,2002,2045190.4080023507,0
272336,18,Rear-end,0,0,0,2542,382572.0893902166,0
1488050,12,Front-end,1,0,4,2522,3649338.5251621897,0
990413,11,Side-swipe,0,1,8,618,1270589.0856379173,1
202783,4,Front-end,1,0,6,1209,328624.35015862517,0
197269,5,Side-swipe,1,0,6,4057,224132.0194952172,0
561853,21,Rear-end,1,0,1,4640,792488.7620338744,0
1272241,3,Front-end,1,0,7,4909,2789591.4341894696,0
1672663,18,Front-end,0,1,2,3750,2311027.0145924194,0
1047297,19,Side-swipe,1,0,7,917,1269416.9257897295,0
950610,0,Front-end,1,1,2,3103,1677098.912208803,0
1584898,19,Side-swipe,0,0,9,4354,1765508.1082691764,1
488379,16,Side-swipe,1,0,6,1601,595174.1136256095,0
565185,11,Side-swipe,1,0,1,4921,1260744.7379245302,0
782538,14,Side-swipe,0,0,3,3928,1705981.8916756453,1
1402607,0,Rear-end,1,0,5,2761,3339879.8616603096,0
1312236,13,Side-swipe,1,0,8,4669,3013315.8845808897,0
1007793,5,Parked Car,0,0,4,4134,2072471.6705658042,1
580379,4,Front-end,1,0,8,1008,680938.947942222,0
1269960,10,Parked Car,0,1,4,2879,2788817.00325767,0
23747,3,Rear-end,0,0,9,3664,54231.3833150431,1
1073376,12,Parked Car,0,1,7,1187,2381515.4362201644,1
1516357,10,Front-end,1,0,0,1792,2747442.742359602,0
607586,2,Parked Car,1,0,6,4405,866455.6551527575,0
534056,0,Rear-end,0,0,3,3575,1219496.563694986,1
1398027,5,Side-swipe,1,0,4,3709,2961060.237977607,0
1323405,17,Parked Car,1,0,5,824,3272867.4387889095,0
1768140,23,Rear-end,0,1,4,2493,2330354.833714646,1
742639,9,Rear-end,1,1,0,4476,1051525.1484104733,0
432815,4,Front-end,1,0,8,3270,604433.6827373477,0
926575,22,Front-end,1,0,1,4872,2047319.049257236,0
517088,9,Parked Car,1,1,8,3083,704103.3281495181,0
1285660,11,Side-swipe,1,0,9,4057,1534208.6275348845,0
1611408,1,Rear-end,1,1,1,4087,4025273.2211059486,0
1886722,12,Parked Car,1,1,8,651,2140946.650337101,0
979232,7,Rear-end,1,1,5,1454,2222211.996124481,0
1425972,1,Rear-end,0,0,8,4854,2297973.240091535,1
49484,19,Side-swipe,1,0,5,2871,112737.499174918,0
303418,0,Side-swipe,1,0,5,1691,569354.3762832246,0
265212,4,Parked Car,0,0,1,1187,626505.9902883511,0
1169227,8,Side-swipe,0,1,7,809,2802251.48569726,1
1504884,16,Side-swipe,1,0,2,2002,1674540.7904139552,0
134267,8,Parked Car,1,0,6,3627,161869.21328763317,0
649163,10,Side-swipe,1,1,4,3867,941612.3735501674,0
1752626,14,Front-end,1,1,2,3895,3570172.041287298,0
136830,23,Rear-end,0,1,0,1313,320672.1985081371,0
481254,5,Rear-end,1,1,7,1345,839267.8653592346,0
1350724,22,Rear-end,0,0,2,1664,2633590.817709017,1
1737595,2,Rear-end,1,0,1,2267,2369905.462405625,0
14486,16,Parked Car,1,1,0,854,32259.64937785413,0
586646,4,Rear-end,1,0,3,2372,1439781.4340982947,0
1178388,11,Rear-end,1,0,7,2524,1739346.0631031136,0
13166,17,Rear-end,0,0,2,3317,23603.42987028191,0
1349880,13,Rear-end,1,0,0,4332,1647612.9813504815,0
135133,20,Front-end,1,1,3,4775,254427.23931693443,0
289498,23,Rear-end,1,0,8,565,522224.52118682244,0
851437,10,Front-end,0,0,0,4766,1108750.6934633655,1
629276,8,Parked Car,1,0,1,4590,1081657.9216565257,0
1756687,1,Side-swipe,1,0,8,3021,2754039.918543984,1
1333882,11,Rear-end,0,0,1,3081,2441755.336259371,1
1843900,2,Side-swipe,0,0,2,1890,3540133.240736028,1
1079611,2,Side-swipe,1,1,6,1630,1200412.7881619914,0
996607,0,Parked Car,1,0,2,2986,2158061.145509171,0
1424789,7,Side-swipe,0,0,8,1334,2989520.787842357,1
839188,21,Front-end,0,0,5,726,1353443.1958150305,1
351779,7,Side-swipe,0,0,2,4015,413027.3506698487,0
914410,10,Side-swipe,0,0,8,2943,1972296.0091867873,1
1870730,8,Side-swipe,1,1,0,1227,4559427.759145759,0
1650737,4,Rear-end,1,0,9,4186,2370808.6752276286,1
1697048,13,Rear-end,1,1,2,4122,2635404.3181704977,0
490070,2,Front-end,1,0,0,1536,665190.6558476943,0
1505627,20,Front-end,0,0,1,2332,2872300.5464166496,1
1322185,4,Rear-end,1,0,7,3240,1741024.0571347233,0
25038,4,Front-end,1,1,6,992,40027.53753894043,0
894998,18,Rear-end,1,0,1,2048,1857853.1548231926,0
202164,13,Parked Car,1,0,1,1643,380909.8026247427,0
491734,3,Side-swipe,0,0,8,4457,806958.8956501262,1
1948760,24,Side-swipe,1,0,5,3907,3290187.8596258517,0
139682,12,Front-end,0,0,4,1139,263573.6812292091,1
1521601,9,Rear-end,1,0,9,672,1686254.386144966,1
1207414,24,Rear-end,0,0,5,4854,1460866.8800326658,1
184564,17,Front-end,0,0,8,4459,430728.3196260574,1
214520,7,Rear-end,1,0,6,1016,259361.2410358092,0
1040077,7,Parked Car,0,1,9,1022,2173266.929510167,1
623594,6,Side-swipe,1,1,9,2417,1489175.7904731887,0
1973490,7,Front-end,0,1,8,3386,2918706.9407547927,1
897921,13,Front-end,1,0,3,2664,1453453.9583182826,0
615770,18,Rear-end,1,0,1,2429,1167801.6277078013,0
1694990,5,Front-end,1,0,7,4445,3956772.041026786,0
1168252,0,Parked Car,0,0,3,2709,2825613.520579424,1
918210,22,Rear-end,0,0,8,4283,1960735.1180675463,1
1267202,14,Rear-end,0,0,3,3090,1547592.827872426,1
219469,0,Rear-end,0,0,7,4576,447017.93070550944,1
122909,24,Rear-end,1,0,8,1593,205801.92821230585,0
1596783,16,Parked Car,1,1,8,4380,2808711.5956984702,0
254118,0,Rear-end,1,0,9,2994,297015.08692083,0
770098,14,Front-end,1,0,3,3079,1053098.9999408924,0
1099091,22,Parked Car,1,0,0,2988,2425385.04798487,0
773338,1,Side-swipe,1,0,2,3285,1342160.8624441922,0
1171172,13,Side-swipe,0,0,8,3258,1782906.9191978902,1
1680423,20,Front-end,1,1,3,2074,2751905.578061184,0
1234416,7,Front-end,1,1,4,2873,2834415.8014980066,0
1159763,7,Parked Car,1,0,6,4490,2491865.186391675,0
874871,18,Side-swipe,0,1,4,1593,1295895.2813860956,0
1460433,6,Side-swipe,1,1,3,1689,1846721.291009628,0
736216,18,Side-swipe,1,1,1,3189,1069572.7718442767,0
1154954,5,Side-swipe,1,1,1,4595,2759253.2846400565,0
1776346,5,Side-swipe,1,0,3,2375,3400324.808062686,0
974048,2,Rear-end,0,0,9,3906,1798942.2625144136,1
1247362,6,Front-end,1,0,9,2287,2413584.3986194236,0
773790,18,Rear-end,0,0,8,4432,1247689.6164527945,1
1823760,7,Side-swipe,1,1,7,2107,4066893.2991290805,0
1213975,9,Parked Car,0,0,2,4248,2224731.494291979,1
1373843,19,Parked Car,1,1,8,548,1735777.9045770266,0
999738,14,Side-swipe,1,1,4,4361,1280355.633672901,0
862382,14,Side-swipe,0,1,2,2680,1596788.9302709093,0
1928934,0,Parked Car,1,1,4,3546,4651042.391833959,0
380489,19,Rear-end,0,0,9,3333,582792.3265942372,1
416015,6,Rear-end,1,0,3,1897,964055.5371081549,0
44085,3,Side-swipe,1,0,7,4326,95652.71550806185,0
1420445,5,Rear-end,1,0,4,1331,2055295.0236508618,0
64544,24,Parked Car,0,0,9,3197,74282.20816305297,1
960561,0,Rear-end,1,0,7,3235,1193579.8151934051,0
442796,4,Side-swipe,1,1,8,581,938679.4799046756,0
110056,22,Parked Car,0,0,3,586,151826.39376572196,0
1576057,0,Rear-end,1,0,6,2563,2552864.4864225574,0
1930767,3,Front-end,0,0,1,1321,3479973.5711138174,1
768095,21,Parked Car,1,0,5,662,1625024.3619840192,0
200735,1,Parked Car,0,0,7,4239,252629.7574412888,1
26439,9,Front-end,1,1,6,2897,44124.38994478312,0
1201982,4,Front-end,1,0,6,2432,2138448.6676680176,0
542835,9,Parked Car,0,1,7,3228,1008130.3029793871,0
1337325,0,Front-end,0,0,6,4035,3003237.3026554016,1
76266,21,Side-swipe,0,1,4,3946,102223.09291243237,0
409423,5,Side-swipe,1,0,6,3290,913407.9871016957,0
1464268,12,Side-swipe,0,0,9,3207,3031078.3933931305,1
569050,14,Parked Car,1,0,2,4433,1068800.601547885,0
387761,3,Front-end,0,1,4,3885,806286.5771772403,0
810708,12,Front-end,0,0,6,1422,1359415.3079540273,1
685940,23,Rear-end,1,0,8,2675,887439.4161665656,0
1701740,19,Rear-end,0,1,1,2082,3458057.075956861,0
984846,23,Front-end,1,1,3,1064,1806740.5915701517,0
1503665,14,Front-end,1,0,6,3758,2999999.2132414137,0
138348,7,Front-end,1,1,0,3097,217648.83750082136,0
617575,4,Parked Car,1,0,1,3000,1463413.8771009087,0
128448,14,Front-end,1,0,8,1487,246917.878830314,0
1628380,3,Rear-end,0,0,9,4136,1985912.7763174027,1
403190,11,Parked Car,0,1,6,723,697408.059416966,0
499546,12,Front-end,0,1,9,850,1078469.0984121491,0
451769,1,Rear-end,1,0,6,2428,999217.4275469176,0
22459,18,Parked Car,0,0,5,848,40256.31729122976,1
1709966,18,Front-end,1,0,2,4777,4022945.6945857634,0
1799292,3,Front-end,1,1,9,1517,2653480.348774683,0
1954609,3,Front-end,1,1,2,2726,3273653.7726142677,0
1839256,10,Parked Car,1,0,1,4624,4337031.263083619,0
229076,4,Rear-end,0,1,5,2919,539418.8650154208,0
1016102,19,Rear-end,1,1,3,2393,2093167.9621596145,0
1586909,10,Side-swipe,1,0,4,3540,3653973.445474446,0
914591,9,Front-end,0,0,2,2568,1119717.8233982748,1
166338,7,Side-swipe,0,0,5,1625,384405.94809342874,1
1384750,5,Side-swipe,1,0,2,3617,2144794.781833597,0
1929065,5,Rear-end,1,0,7,4661,2603589.8106312724,1
61587,7,Parked Car,1,0,8,4542,88384.59815511665,0
1013843,22,Parked Car,1,1,3,4933,1708483.524498453,0
1642204,14,Rear-end,1,0,8,2670,2383936.320621264,1
118951,13,Parked Car,1,0,6,946,184230.66889394802,0
1496676,10,Side-swipe,1,0,2,3158,1929170.2848676655,0
1886513,11,Front-end,0,0,6,3862,2857402.145935004,1
440292,12,Rear-end,1,0,0,3218,837081.9793812576,0
39853,7,Front-end,1,0,2,3983,68491.17415997444,0
193575,17,Parked Car,1,0,5,3444,306895.01788873813,0
1263359,24,Front-end,1,0,3,4876,2709946.721085113,0
1363953,0,Parked Car,1,0,6,1095,3206536.148416562,0
65818,14,Parked Car,1,0,2,2486,142134.29430218594,0
765813,7,Side-swipe,1,1,0,3250,1198344.9351671848,0
1531766,10,Parked Car,1,0,8,1574,3281378.2823238014,0
417380,11,Side-swipe,1,0,5,4469,547924.8839854273,0
591960,11,Side-swipe,0,1,7,4805,759156.2507227289,0
741476,3,Side-swipe,1,0,2,4721,1174407.4140787923,0
781739,15,Rear-end,0,0,7,4080,1743890.3191837848,1
1142340,3,Rear-end,0,1,1,3507,1650552.8394566798,0
771246,4,Parked Car,1,0,3,1469,916668.1140392595,0
813668,23,Side-swipe,1,0,2,1080,1045069.7677291984,0
225781,4,Rear-end,1,1,9,3324,519802.71683540795,0
1021045,7,Side-swipe,1,1,0,4501,2029119.255564712,0
1686223,9,Front-end,1,1,6,1711,2452580.3754216973,0
899113,16,Front-end,1,0,9,729,1688007.473557616,0
1443146,8,Front-end,1,0,1,4784,2653384.7904985165,0
1401304,21,Parked Car,0,0,3,3685,2827285.4816659377,1
1480915,18,Side-swipe,0,0,8,1001,2112469.8260188033,1
270036,13,Front-end,0,0,5,2632,623827.495070037,1
318324,7,Rear-end,1,0,7,548,488027.61341778125,0
1306502,8,Front-end,0,1,1,4066,2706790.3518565665,0
178289,21,Front-end,0,0,6,3555,200142.68590787816,1
1562229,10,Front-end,0,0,5,1188,2533497.9855283652,1
742952,22,Parked Car,1,0,8,886,1183072.1177409857,0
837791,0,Rear-end,0,0,6,1469,1559027.0080697893,1
126157,13,Side-swipe,1,0,0,3960,151619.3640078361,0
1284243,4,Rear-end,0,0,7,1505,2833276.260103394,1
682169,20,Side-swipe,1,0,9,3552,958374.5364653727,0
1529747,13,Parked Car,0,0,2,3917,3132696.8926832345,1
1768170,3,Parked Car,0,1,1,2802,3933288.8119391114,0
1119543,21,Parked Car,1,1,2,2783,2112160.8785100896,0
1232810,22,Parked Car,0,0,5,2107,2634806.516510504,1
1671870,24,Side-swipe,0,0,2,4866,3388219.1602560617,1
110251,0,Front-end,0,1,9,622,176152.6219321284,0
1430126,21,Side-swipe,0,1,4,1780,3192616.0777914836,0
1979268,22,Rear-end,0,0,5,4227,2993804.9873588253,1
812274,18,Parked Car,0,1,7,758,1543075.3621751743,0
1741593,7,Parked Car,1,0,6,1447,3733203.5785866235,0
461579,14,Rear-end,1,1,7,1024,752622.2258534865,0
368952,20,Side-swipe,1,1,2,1387,562236.6001119299,0
106581,14,Front-end,0,0,3,707,185779.67995432147,0
983737,8,Front-end,1,1,5,3882,2208636.0356567744,0
1662409,20,Rear-end,0,0,6,3294,3992924.33168891,1
559486,8,Front-end,0,1,8,648,1042387.7536582599,0
110578,9,Side-swipe,1,0,0,937,224036.85407319028,0
1916131,19,Side-swipe,0,1,7,2702,4530850.9246759815,1
23171,24,Rear-end,0,0,7,4249,28684.900731725003,1
1467476,20,Side-swipe,1,0,5,3661,2091021.24038582,0
1404604,8,Parked Car,1,0,3,4401,2939077.698133397,0
1659566,2,Rear-end,1,1,2,4953,3739404.222349126,0
52163,19,Side-swipe,1,1,2,3745,119966.58728673111,0
1064784,24,Rear-end,1,1,5,3323,1790061.6722804236,0
1927414,10,Front-end,0,1,7,3770,2361228.369810367,1
312455,5,Side-swipe,0,0,6,985,535202.3160855138,1
1182959,1,Parked Car,0,0,0,699,1683384.2841354446,1
1367470,6,Side-swipe,1,0,5,4966,2061700.3828399272,0
113047,17,Rear-end,1,0,6,2482,246575.24269693333,0
911181,1,Rear-end,1,0,6,1971,1098645.4840810152,0
1608118,16,Side-swipe,1,0,8,4843,3632117.3532096846,1
1800178,10,Parked Car,1,0,9,2811,3058028.4714130936,1
1811078,11,Parked Car,0,0,4,3873,3503511.381093725,1
142983,18,Parked Car,1,0,0,2578,175227.54297027952,0
658771,21,Rear-end,1,0,1,2021,1035787.4283719049,0
215335,23,Side-swipe,1,1,3,1104,263910.54635448655,0
402396,24,Front-end,0,1,4,4348,984325.4870774538,0
85396,6,Rear-end,1,1,8,3842,190447.28212821027,0
477595,19,Parked Car,0,0,0,1917,832680.127443623,0
71795,5,Side-swipe,0,0,2,4375,101449.46293965715,0
744474,20,Parked Car,0,1,4,3433,1791827.67843609,0
887621,23,Front-end,1,0,2,1048,1404602.7448540786,0
1322331,0,Parked Car,1,0,3,1338,1752588.6863526374,0
1348724,16,Parked Car,0,0,2,4315,2546971.0573144406,1
1706238,10,Front-end,0,0,3,1347,4131286.3745684577,1
1057231,21,Side-swipe,1,0,0,4754,1168623.4025983252,0
1515948,17,Rear-end,0,0,7,4968,2172921.631833698,1
826316,20,Side-swipe,0,0,3,2772,1994583.620606713,1
375205,16,Front-end,1,0,6,3820,502594.73427249806,0
1620618,6,Parked Car,1,0,1,3058,2039613.9265534703,0
1857426,16,Side-swipe,0,1,1,4811,3525881.383291835,0
1659345,19,Rear-end,0,0,5,2496,3827414.234551223,1
555094,8,Front-end,0,0,1,4173,981380.5160001891,1
148218,16,Side-swipe,1,1,5,2064,369417.05499617365,0
1358063,19,Rear-end,1,0,1,4518,2785170.438105531,0
645763,21,Front-end,1,0,3,2340,777308.0680269166,0
1407821,21,Rear-end,0,0,6,3791,3505424.9942393103,1
1008739,7,Front-end,1,0,7,3387,1685655.2543215777,0
108012,16,Parked Car,0,0,2,1226,162273.29148000557,0
147943,6,Side-swipe,1,1,8,1744,278285.3480784884,0
1519663,0,Rear-end,1,0,1,3960,2319052.2830729783,0
374116,12,Front-end,1,0,7,4218,456810.7914272681,0
657909,22,Rear-end,1,0,7,1565,725015.5076736293,0
687476,18,Rear-end,1,0,3,782,1188932.4711850944,0
1414947,23,Side-swipe,0,0,0,1581,3214206.04416495,1
375537,18,Parked Car,1,0,0,4385,713986.4390123469,0
1044607,16,Rear-end,0,0,1,3381,2610358.2144983755,1
807864,12,Front-end,1,0,8,3084,1213076.7099547815,0
118296,15,Front-end,0,0,1,3470,176572.99727719772,0
1341075,7,Parked Car,0,0,1,1652,1775112.9103365315,1
1241582,18,Front-end,1,1,5,3997,1650917.957263912,0
990698,17,Parked Car,0,0,6,1447,1485315.1064115474,1
698876,0,Front-end,1,0,6,2217,1544499.2312728143,0
270044,13,Side-swipe,1,0,8,566,639480.2614788805,0
380502,18,Rear-end,0,1,5,1136,937983.8655473569,0
698502,14,Side-swipe,0,0,7,813,995508.9031519527,1
1588515,17,Rear-end,1,0,5,3897,3707302.6189396363,0
591478,1,Rear-end,0,1,1,1064,922443.7291738131,0
1577863,21,Rear-end,1,1,0,2101,1984914.9881302628,0
1579659,16,Side-swipe,1,0,4,1325,3661704.685351163,0
907817,17,Rear-end,1,0,8,4170,1807053.2124953722,0
388715,5,Side-swipe,1,1,7,1525,517233.21837820986,0
321684,18,Parked Car,1,1,3,2751,547430.1735385378,0
1847691,3,Front-end,1,1,4,1304,2775528.9405071456,0
1471591,0,Front-end,0,0,4,2951,3136714.458627931,1
668734,7,Rear-end,0,0,5,1891,1160108.1893984051,1
378980,22,Side-swipe,1,0,2,1735,941762.239034985,0
33211,6,Front-end,1,1,4,4532,39077.489848152785,0
792471,2,Side-swipe,1,0,1,3780,1265593.1241583605,0
501657,9,Side-swipe,1,0,9,4049,890270.728984646,0
184923,9,Rear-end,1,1,0,4700,333672.65288261295,0
516849,18,Front-end,1,0,0,4641,797141.4594098716,0
1752790,13,Rear-end,1,1,9,1854,3717556.0227020173,0
912995,1,Rear-end,0,0,6,2336,2122390.086104093,1
1706993,0,Front-end,1,0,1,3392,4121034.488417538,0
825292,22,Front-end,0,0,3,2996,1838033.1723758883,1
1786454,22,Parked Car,1,1,4,3083,4092430.7541188295,0
133772,17,Parked Car,1,0,6,3058,250255.76433635326,0
768336,6,Side-swipe,1,0,1,4118,1733553.118875822,0
986501,7,Front-end,0,1,5,2059,1504320.7738297097,0
702835,0,Parked Car,0,0,0,2007,1165209.2490738416,1
808289,24,Side-swipe,1,0,6,4571,1247738.1242369283,0
1692485,22,Side-swipe,0,0,8,2563,2969197.976209815,1
1126581,2,Side-swipe,1,0,4,4142,1689659.097498435,0
3369,23,Parked Car,0,0,4,2500,8241.436528537324,0
781974,22,Front-end,0,0,3,1794,1202662.311196146,1
454851,7,Rear-end,0,0,2,4565,562770.0186860188,1
1361328,21,Side-swipe,1,0,8,3252,2501500.1426351084,0
637084,24,Parked Car,1,0,4,2253,751720.0730090335,0
618967,14,Parked Car,0,0,7,4710,776655.3008287324,1
1139348,4,Rear-end,0,0,8,2103,1603228.006522751,1
38967,2,Rear-end,1,0,4,1822,68195.77066202038,0
1858836,18,Parked Car,0,0,9,2941,3172199.002013418,1
1037185,0,Front-end,1,0,8,1598,2302103.265447911,0
878344,14,Rear-end,1,0,1,2005,1875496.7755476625,0
480547,7,Parked Car,0,1,8,1626,815414.0681112894,0
1708423,1,Rear-end,0,0,3,796,2677416.4207865726,1
1107947,2,Front-end,1,1,5,3549,1709624.5958524193,0
940403,23,Side-swipe,1,1,5,2725,2053457.522907167,0
128891,13,Rear-end,1,0,5,4854,151176.43031437197,0
439930,23,Front-end,0,0,1,4287,491819.8795768812,0
1017526,13,Parked Car,1,0,6,2596,2252560.544115376,0
1659780,10,Rear-end,0,1,5,4109,2934499.2167147463,1
1905779,15,Rear-end,1,0,0,2708,2445559.635492094,0
1879572,3,Parked Car,1,0,1,675,2687397.5887447186,0
257187,19,Side-swipe,0,0,6,3002,618664.7518593592,1
1774527,4,Parked Car,0,1,0,4499,4087275.4315574127,0
107950,21,Rear-end,0,1,0,2167,226014.81464034898,0
172390,20,Parked Car,0,0,0,4871,306012.1304409924,0
439241,13,Front-end,0,0,7,3045,803131.5578487027,1
282474,22,Parked Car,0,0,3,1175,696395.1148037213,1
1984009,15,Rear-end,1,0,3,2323,4864946.053640588,0
1449185,17,Parked Car,1,1,1,1856,2030854.0409640023,0
116881,6,Side-swipe,0,0,0,3572,261292.89794006466,0
1522201,9,Parked Car,1,0,9,3759,2094761.277154939,1
1620697,6,Side-swipe,0,0,8,1046,2267278.069711721,1
135008,0,Front-end,1,1,6,2583,276297.95569908764,0
1778726,22,Side-swipe,0,1,3,2540,2965138.97772073,1
1911721,20,Parked Car,1,0,5,2252,4596087.307697317,0
1448187,18,Rear-end,1,1,1,2115,1773469.537329785,0
1199886,15,Side-swipe,1,0,6,2349,2179156.037067675,0
1341966,18,Front-end,1,0,1,3142,3201837.129771687,0
1622741,3,Side-swipe,0,0,9,2100,3839014.3277282417,1
840977,17,Side-swipe,1,0,7,3896,1109367.1556350216,0
360532,1,Side-swipe,0,0,7,4902,581643.672607646,1
1047311,0,Front-end,0,1,0,4105,2059819.8136460276,0
1418675,14,Parked Car,0,0,7,4299,1877123.8534142966,1
1710036,4,Side-swipe,1,0,1,1118,4198533.46819497,0
1799096,19,Side-swipe,0,0,5,1632,4283016.201643266,1
880111,10,Rear-end,1,0,0,2615,1173830.664628288,0
1220912,9,Front-end,1,1,4,2839,1550091.419126701,0
730403,1,Side-swipe,1,0,6,3239,890778.9568960476,0
46214,2,Front-end,1,0,9,4776,109676.04128570441,0
974839,22,Side-swipe,1,1,0,1987,1336575.7575640762,0
1676310,22,Parked Car,0,0,1,2057,2820892.6239954624,1
1945124,11,Parked Car,0,0,6,2613,3361936.589267481,1
630771,19,Side-swipe,0,0,5,1544,1222822.4135174907,1
1516036,4,Parked Car,0,0,2,2931,1819894.3090308595,1
1760927,4,Side-swipe,0,1,9,2082,2496047.220608534,1
124623,5,Parked Car,0,1,1,1808,299604.47708459623,0
936593,8,Rear-end,1,0,9,1101,2221387.066635788,0
1354704,1,Rear-end,1,1,3,2120,2971958.991284313,0
1132065,20,Rear-end,0,0,2,600,1276020.3595690993,1
1347432,11,Front-end,1,0,6,4771,2099042.337723536,0
830457,2,Front-end,0,0,7,737,1643592.5184673313,1
178774,19,Rear-end,1,0,1,4525,265526.9968874279,0
688495,21,Front-end,1,0,9,3418,1634088.7482554708,0
1374428,11,Parked Car,1,0,6,3042,2731600.395346415,0
1869336,23,Side-swipe,1,1,7,2503,2244454.541450037,0
412427,16,Side-swipe,1,0,5,2037,978527.5271814395,0
790352,9,Side-swipe,1,0,5,1254,1929149.1113520516,0
1932260,23,Rear-end,1,0,9,3868,2335710.8365862337,1
131873,13,Front-end,1,0,0,2758,243345.81775261264,0
1487528,22,Parked Car,1,0,3,4165,2268048.809590873,0
115794,16,Parked Car,0,0,0,4735,191057.17123092248,0
1035862,17,Rear-end,0,1,3,1040,1399979.617907119,0
1508527,18,Parked Car,0,0,1,769,2880232.02336547,1
648807,16,Parked Car,1,0,4,3960,1583848.8943406942,0
66226,13,Parked Car,1,0,9,3908,119491.68043582262,0
142064,8,Parked Car,0,0,8,1005,172761.2479277158,1
1426888,7,Front-end,1,0,9,1629,2808118.2478120774,0
268746,1,Parked Car,1,1,2,2579,423627.59641351656,0
1754772,12,Side-swipe,1,0,7,3645,4032984.179505301,1
118515,24,Rear-end,1,0,2,3742,202488.73304681707,0
1789750,6,Front-end,1,0,5,861,2451913.5661461377,0
254579,8,Parked Car,0,0,3,4220,348148.96964672464,0
551429,21,Front-end,1,0,7,1956,1200058.308775244,0
690444,21,Parked Car,0,1,5,4567,1016211.1092160175,0
688605,10,Side-swipe,1,0,7,4695,1497114.5519390164,0
514258,13,Rear-end,0,1,0,2181,713914.6753242938,0
1989673,3,Parked Car,1,0,5,1552,3084711.255182257,0
984109,12,Parked Car,1,1,0,3009,1723845.7865449241,0
1414966,1,Parked Car,0,0,0,1181,3424888.6821202803,1
1018203,22,Parked Car,1,0,7,4432,2448191.7246300657,0
445601,4,Rear-end,1,0,6,2629,619216.3403840656,0
37131,10,Rear-end,1,1,2,4516,59465.543708555146,0
1815653,5,Side-swipe,1,0,5,3802,2376978.72698196,0
1122067,17,Rear-end,1,0,8,1219,2035406.099186081,0
1053090,20,Parked Car,0,0,6,574,1837447.829635465,1
1322313,9,Side-swipe,0,1,2,1793,3122065.9217670015,0
1067146,3,Side-swipe,0,0,5,2422,2563292.7264435245,1
1871285,8,Side-swipe,1,1,3,4657,3063282.9673935133,0
1106034,5,Parked Car,0,0,2,819,1978067.837696691,1
1131150,1,Front-end,1,0,8,2649,2663553.6865103077,0
1584093,16,Parked Car,1,0,9,1952,3531562.5678120167,1
1804149,4,Rear-end,1,1,1,2055,1993799.042638593,0
1225165,24,Rear-end,1,0,0,4707,1896657.5863341705,0
197892,5,Parked Car,1,1,1,3532,334533.2475993134,0
159323,11,Parked Car,1,0,6,960,226494.02245136895,0
1024404,22,Side-swipe,1,0,9,1386,1413063.1462543686,0
1679228,20,Parked Car,1,0,0,4033,1935979.12201831,0
1442078,9,Side-swipe,1,0,5,4436,2885190.85694481,0
1782505,21,Rear-end,1,1,6,1615,2615851.7674727733,0
499363,20,Side-swipe,0,1,8,1575,585895.6416881941,0
368154,24,Parked Car,0,1,7,4376,524019.73992340825,0
579536,5,Rear-end,1,1,5,2424,1288122.8063991726,0
530589,7,Front-end,1,0,2,1426,1216155.0107609234,0
1199338,1,Side-swipe,1,0,7,2781,2130375.3861287036,0
1491981,11,Rear-end,1,1,6,1555,2510256.448869831,0
235862,12,Side-swipe,0,0,2,1041,582342.1389994042,0
1493285,24,Rear-end,1,1,8,2661,2061913.7767701596,0
1602956,20,Rear-end,1,1,1,2751,2246547.6364504886,0
797579,6,Side-swipe,1,0,2,1552,1203238.8836709207,0
664576,9,Front-end,1,1,1,3244,891768.1145755607,0
220463,12,Rear-end,1,0,0,4369,359599.80902764545,0
481261,16,Rear-end,0,0,3,4981,1143075.6872814423,1
1297786,20,Rear-end,1,0,4,4657,2545590.337777193,0
221484,13,Front-end,1,0,5,2060,371367.7971219741,0
1946135,1,Front-end,1,0,4,4262,4686633.872369992,0
1905824,21,Parked Car,1,0,0,1664,2225716.4163516024,0
1831431,10,Side-swipe,0,1,2,3222,2553722.9350793776,1
265012,0,Front-end,0,1,0,2858,501467.3794213183,0
602363,18,Side-swipe,0,0,4,970,1181699.874670318,1
1317875,20,Parked Car,1,0,4,1916,1522647.0885456856,0
1286625,3,Side-swipe,0,1,5,1968,2141271.1386491694,0
1643395,18,Front-end,0,0,7,1308,3301277.432046525,1
1533375,20,Side-swipe,1,0,9,671,3185277.993727843,1
1661286,10,Front-end,0,0,0,4626,3311600.6405283,1
449482,7,Side-swipe,1,0,3,4642,696152.5588970759,0
1173122,10,Front-end,1,0,9,4725,1444028.9202095976,0
407119,3,Front-end,1,1,0,2899,691270.7289033101,0
1081173,16,Side-swipe,0,0,8,2145,1384178.4498375459,1
996661,6,Parked Car,0,0,6,557,2418570.460374813,1
666826,7,Rear-end,1,0,6,1629,1177107.4030689672,0
649650,2,Parked Car,1,0,4,1853,1003165.3916693147,0
1279305,21,Side-swipe,1,0,6,1267,2779706.7815838703,0
119334,1,Parked Car,0,1,1,4395,214458.47628609664,0
1142924,22,Front-end,1,1,3,1182,1753299.857604568,0
1101997,14,Rear-end,1,0,6,3954,2464897.122696011,0
705586,23,Side-swipe,1,1,2,2508,1632735.1846627884,0
1699505,21,Side-swipe,1,1,1,3642,3470748.541107814,0
1754736,21,Side-swipe,1,1,9,2290,2045583.8278051168,0
285321,4,Rear-end,1,0,1,1977,540070.4346887931,0
56109,23,Front-end,0,0,0,1385,121678.69990415766,0
228397,0,Side-swipe,1,0,4,4406,294884.3298311955,0
974665,3,Parked Car,0,0,5,4992,1384159.8290575843,1
1080100,14,Side-swipe,1,0,5,2038,2522566.148177732,0
1026215,19,Side-swipe,1,0,8,2573,1157745.3979080336,0
1119389,18,Side-swipe,0,1,3,812,2410960.1693174336,0
1439033,2,Side-swipe,0,1,0,1310,2537421.8634256707,0
184578,19,Front-end,0,1,5,2735,318485.83614801575,0
1406505,10,Parked Car,1,0,4,3357,1561129.33181141,0
1981918,16,Front-end,1,0,9,3263,4453681.944368909,1
461743,12,Parked Car,0,0,5,2532,740522.5807324821,1
1162708,10,Side-swipe,1,0,2,2007,2159232.3358934685,0
998139,1,Rear-end,1,0,1,3070,2044409.2216617444,0
1986088,8,Front-end,0,0,5,2394,4138374.6382917985,1
251951,1,Rear-end,0,0,0,3205,614350.2845218029,0
3551,20,Front-end,1,1,6,1096,6547.603443520478,0
1753183,8,Side-swipe,1,0,6,2647,2909595.4301504,0
1425912,8,Front-end,1,1,9,1115,3472359.6236412623,0
1005146,7,Side-swipe,0,0,6,1447,2009240.9480129476,1
1660599,16,Front-end,0,0,9,4873,2519810.356875489,1
972025,0,Side-swipe,1,0,0,4264,1241324.471393769,0
1770848,24,Side-swipe,0,0,3,2513,4036783.1353348587,1
189907,10,Parked Car,0,0,6,4197,305190.8502985605,1
449895,7,Side-swipe,0,0,8,990,910883.335410551,1
950097,9,Parked Car,1,0,4,4850,1671356.4746263945,0
463394,24,Side-swipe,1,0,1,2928,638789.4129296788,0
1260886,6,Rear-end,1,0,6,1041,2449096.1096758335,0
957738,2,Side-swipe,1,1,9,1787,1134877.673526964,0
728475,2,Rear-end,0,0,0,2133,1222876.0078365335,1
74023,17,Rear-end,1,1,6,3426,138072.2087502135,0
1809539,4,Side-swipe,0,0,5,1852,3095154.5076993834,1
1143552,11,Rear-end,1,1,6,4876,2456510.98869367,0
1282917,11,Parked Car,1,1,9,1798,2898231.298474572,0
803951,18,Front-end,1,0,2,4467,1752404.3968568663,0
1029725,5,Side-swipe,0,0,2,4923,1188650.8277597113,1
870545,1,Rear-end,1,1,6,2758,1194196.4626550444,0
223366,11,Side-swipe,0,0,1,2573,413506.42207989714,0
1135748,18,Parked Car,1,0,0,1201,2735733.967905953,0
1647211,4,Side-swipe,1,0,8,2419,3737422.0781465215,1
1393970,11,Side-swipe,1,1,8,2960,3177621.9600500255,0
1784070,16,Rear-end,1,1,6,4762,2719799.4991371525,0
28751,16,Parked Car,1,0,6,4764,48911.97908447369,0
1676845,9,Front-end,0,0,2,4824,2949550.77991779,1
1423786,24,Front-end,1,0,9,866,1879853.4400400098,0
1599309,22,Rear-end,0,0,1,1027,1828802.4564383838,1
1926360,16,Side-swipe,1,1,6,4218,4672702.217166666,0
1081293,14,Rear-end,1,0,8,4109,1553815.4674457903,0
1057384,11,Rear-end,1,0,0,4435,1518327.7842608716,0
1317169,15,Rear-end,1,0,3,2653,1602639.9268229606,0
183562,23,Side-swipe,1,1,5,2408,440532.4359472255,0
394866,18,Parked Car,0,0,6,3512,754838.4658789311,1
745340,7,Rear-end,1,0,9,4728,1515910.9515257357,0
100735,20,Side-swipe,0,0,6,3522,239367.27683382103,1
1123816,16,Parked Car,1,0,9,3983,1779976.4660267737,0
378996,22,Rear-end,0,0,1,3220,746663.898848925,0
1902125,4,Front-end,0,0,3,2270,2195659.477956659,1
750701,21,Parked Car,1,0,4,4613,1022065.5532018918,0
803828,15,Rear-end,0,1,0,2277,1819660.9142193736,0
1966306,5,Parked Car,1,1,0,4712,4273718.307549491,0
1043733,7,Parked Car,0,1,9,1297,1660474.5875956991,1
177747,24,Parked Car,0,0,2,3715,289289.44211697613,0
1712241,17,Parked Car,1,1,9,4288,3162468.3876071004,0
530025,24,Parked Car,0,0,2,3476,583206.3339115338,1
1033251,11,Parked Car,0,0,7,4237,1485548.4320378797,1
1069132,14,Rear-end,1,0,8,2211,1487723.4060012845,0
177115,8,Front-end,0,0,0,1252,256936.50195901812,0
188128,12,Side-swipe,1,0,1,2969,419199.63608178374,0
639336,14,Parked Car,0,0,9,4469,953597.3906485675,1
374132,9,Side-swipe,0,0,1,1892,511861.15736577247,0
1183491,15,Rear-end,1,0,3,3105,2137347.874468368,0
407216,6,Parked Car,0,0,1,1177,941443.9127841819,0
446938,16,Front-end,0,0,6,605,642647.4955072145,1
1602739,22,Side-swipe,0,0,8,3787,1939235.2389324827,1
665522,20,Parked Car,0,1,6,2446,1064147.469656997,0
541752,21,Rear-end,1,1,5,1595,1162985.819766416,0
1686793,6,Front-end,0,0,9,2282,3155933.638340314,1
253264,13,Side-swipe,1,0,0,3757,568200.4983326285,0
715498,14,Side-swipe,1,0,9,2497,1748268.5674021563,0
1515958,20,Parked Car,1,1,8,2061,3349854.0321039986,0
740927,6,Front-end,1,0,4,4506,1441343.305317852,0
512653,8,Front-end,0,0,4,2175,917996.5631957438,1
67715,18,Front-end,1,0,5,1622,78285.08945490203,0
1904550,15,Front-end,0,0,8,4481,4719571.594650394,1
144856,7,Rear-end,1,0,7,1801,237110.9580884225,0
204361,17,Front-end,1,1,7,1443,268350.41403397074,0
1002668,22,Side-swipe,0,0,7,1445,2038817.4884717164,1
356112,17,Side-swipe,1,0,0,1100,533457.0596889071,0
1503681,19,Rear-end,1,1,0,3200,2887202.218696616,0
9935,6,Side-swipe,0,1,7,1917,19089.85483021042,0
448056,2,Side-swipe,0,0,4,2024,772458.2888882384,1
1748514,17,Front-end,1,0,8,4266,3970116.5469175745,1
865764,9,Side-swipe,1,0,1,750,1273498.9203126812,0
1624657,6,Rear-end,1,1,8,2044,2807546.41255985,0
79281,16,Front-end,1,0,7,578,146889.37750554914,0
191975,13,Parked Car,1,1,8,3623,389531.5980770233,0
160696,23,Front-end,1,0,3,1397,353139.19668438466,0
227007,2,Rear-end,0,0,0,725,375181.323610082,0
306563,11,Front-end,0,0,0,1709,614495.0250523187,0
764621,12,Front-end,1,0,4,2678,1002307.5165646859,0
777165,1,Rear-end,1,0,1,3179,1869631.5454813335,0
1739683,2,Front-end,0,0,7,3385,2846612.550943275,1
1170248,4,Rear-end,0,0,9,3306,2482482.179035116,1
1405978,10,Rear-end,1,1,4,1203,1586614.5590715567,0
485463,7,Parked Car,1,0,4,3044,673464.3723383949,0
1505044,22,Side-swipe,1,1,1,2870,2681861.325174509,0
1367793,22,Side-swipe,1,0,6,3781,3186346.908635841,0
1108177,11,Front-end,0,0,7,828,2037003.542429648,1
1545048,6,Front-end,0,0,9,4728,3710925.14049807,1
289290,14,Parked Car,0,0,0,620,514159.6458974121,0
891117,23,Parked Car,0,1,1,1464,1592095.2388304693,0
547837,16,Parked Car,1,0,9,4724,694463.1099204723,0
1784041,3,Rear-end,1,0,3,4175,3967205.4078629985,0
1409336,21,Parked Car,1,0,4,2576,2037549.7451625522,0
1932887,24,Parked Car,1,0,1,832,4560564.7000435395,0
1641749,12,Front-end,0,0,0,3868,3899406.5540644904,1
650919,17,Parked Car,1,1,8,1816,1575636.7645954136,0
433874,0,Rear-end,1,1,0,1696,793261.6765207597,0
721277,15,Rear-end,1,0,3,3670,1477125.7433303494,0
1596653,12,Front-end,0,0,1,1929,3496545.9016273334,1
1421446,9,Parked Car,1,0,3,855,1824312.8878711218,0
887725,11,Parked Car,1,0,7,4734,1723376.1163008146,0
272467,1,Rear-end,0,0,7,2026,312796.7647841732,1
191732,22,Parked Car,0,0,8,4397,344464.27642040205,1
1353195,2,Parked Car,1,0,4,528,1781859.7795771172,0
10040,9,Parked Car,1,0,6,1513,13615.164647323065,0
1589728,1,Side-swipe,0,0,2,3202,2561157.6733443346,1
1446903,22,Front-end,1,0,9,1327,2467565.7873670515,0
552451,12,Side-swipe,0,0,3,4946,1089677.220747324,1
1101067,12,Front-end,1,0,9,2524,1325904.6455667776,0
189251,17,Rear-end,0,1,8,798,341629.9373083267,0
1415402,2,Parked Car,1,0,9,2365,1918825.3644546997,0
1735413,6,Front-end,0,0,9,4516,3303471.8725983044,1
619492,13,Side-swipe,0,0,0,2611,1234255.081282467,0
49615,19,Parked Car,0,1,1,1254,93246.08166941779,0
1402227,16,Rear-end,0,0,4,1269,2991810.758280052,1
744083,20,Front-end,1,0,2,4235,1168100.8865955037,0
1241038,11,Front-end,0,0,1,1738,2694478.6959740766,1
722247,24,Front-end,1,1,0,2713,1232062.3170474968,0
1198219,15,Parked Car,0,1,9,2406,2130263.591553845,1
1763711,23,Side-swipe,0,0,2,2064,3540372.8913632524,1
536726,11,Side-swipe,0,1,0,1718,604193.3908145145,0
953199,14,Front-end,0,1,0,1857,1921260.1930089828,0
354324,24,Rear-end,0,1,0,4339,696607.7901037595,0
1053076,9,Rear-end,1,0,7,1960,1615193.187250908,0
726448,24,Side-swipe,1,0,2,4485,886347.9213473302,0
887974,6,Rear-end,1,0,0,1916,1089819.041281516,0
1404830,19,Side-swipe,1,1,6,3353,3361074.3830681625,0
251992,4,Front-end,1,0,9,1928,520361.22460007766,0
1939199,0,Side-swipe,0,0,2,4878,2478187.066130249,1
1548598,16,Side-swipe,1,0,7,4974,2476846.9011636074,0
491572,2,Front-end,1,1,3,4793,948476.4703894738,0
1087380,12,Rear-end,1,1,3,3562,2468135.544954058,0
505499,13,Side-swipe,1,0,4,3571,586947.678124896,0
332093,23,Side-swipe,0,1,5,1055,475320.18914097757,0
607774,17,Front-end,1,0,6,855,1425624.223958898,0
152336,3,Rear-end,1,1,3,2063,169524.34055392264,0
109440,17,Side-swipe,1,0,7,4000,151241.56493366827,0
1004031,4,Front-end,1,0,5,1540,2452480.1033968385,0
825426,24,Side-swipe,0,1,0,3186,1616813.5655943735,0
1314593,15,Parked Car,0,0,0,4974,1927640.1856349397,1
668021,0,Front-end,1,1,8,3053,797475.1410171719,0
1670896,20,Rear-end,1,0,9,2279,1903932.3171830624,1
879590,13,Rear-end,0,0,5,575,1268934.4544369827,1
386277,14,Rear-end,0,0,9,4826,901601.4771066838,1
1673750,8,Rear-end,0,0,7,3819,2815714.6704326393,1
552138,14,Side-swipe,0,0,6,2849,1164164.5960984023,1
1666372,16,Side-swipe,1,0,5,3273,3975295.459366639,0
1929805,24,Rear-end,1,0,3,2762,3225199.432204793,0
550139,23,Rear-end,0,0,6,3729,752473.6982751996,1
613456,3,Rear-end,0,1,8,2616,1118922.3363484673,0
639373,11,Side-swipe,0,1,9,892,1516156.1677451285,0
1981885,4,Rear-end,0,0,9,1608,4411922.120068616,1
1386573,4,Rear-end,1,1,6,4862,1653019.3367622094,0
1256945,10,Parked Car,1,0,0,1110,2601375.7854709225,0
66453,5,Parked Car,1,0,9,3275,126304.32848395081,0
1892966,6,Rear-end,0,1,8,4498,4487178.314706103,1
500828,23,Front-end,1,1,3,1172,636789.7722536209,0
1855866,13,Rear-end,1,0,2,4177,3428991.8513761424,0
3767,23,Parked Car,1,1,3,530,8781.810353043016,0
83245,10,Front-end,1,0,3,1900,139354.90217824295,0
1925096,12,Front-end,0,1,9,4571,3416646.6834070203,1
825445,1,Rear-end,0,0,1,1116,989415.4797075234,1
157664,24,Parked Car,0,0,0,3286,234824.93449883192,0
536126,6,Parked Car,0,0,9,1370,833305.6325092915,1
131984,19,Front-end,0,0,0,4696,319819.85778520326,0
532331,3,Rear-end,1,0,7,4104,796225.7381859301,0
892823,7,Side-swipe,1,1,1,1912,1558169.189561519,0
1109768,19,Side-swipe,1,0,9,3239,2263733.834542117,0
1269232,21,Parked Car,0,0,4,1440,1684342.8565791931,1
1273068,20,Side-swipe,1,0,3,840,2267358.7316795047,0
517271,18,Parked Car,1,0,7,3408,1103832.858484239,0
831357,12,Parked Car,1,0,1,4633,1923425.3090711597,0
563544,13,Parked Car,1,0,9,1159,1113992.9193525077,0
543676,9,Side-swipe,1,0,8,2533,1107291.2745908399,0
691595,10,Parked Car,1,0,6,2060,883026.3255109751,0
834227,1,Front-end,0,0,6,3957,2022238.9059556597,1
1035478,24,Rear-end,0,1,0,2156,1331214.3568476676,0
1163428,8,Rear-end,0,1,1,3475,2541557.460343363,0
869974,16,Parked Car,0,0,3,1549,1279508.0406118797,1
86499,2,Rear-end,0,0,3,953,208205.7226718204,0
1067031,23,Side-swipe,1,0,2,2204,2249240.906154137,0
1873349,5,Side-swipe,1,0,6,3284,4037702.5315520405,1
71140,4,Rear-end,1,0,7,1318,100071.41740007214,0
197082,4,Side-swipe,0,0,1,512,339031.48654529505,0
1793162,21,Rear-end,1,0,3,4479,3523453.0010905596,0
401073,14,Rear-end,1,0,2,1420,873522.1805649664,0
1474771,22,Rear-end,0,0,1,2918,1836890.8818831672,1
61976,16,Parked Car,1,1,5,1814,151674.5739936202,0
1356031,8,Rear-end,0,1,3,4177,3181667.6565578715,0
1216356,2,Parked Car,0,0,5,2517,1798367.782197186,1
676010,19,Rear-end,1,0,1,1728,1522282.8126492014,0
1644544,16,Rear-end,0,1,3,2934,3002367.496768245,1
699146,9,Rear-end,1,1,5,3368,1221078.8161014228,0
637644,2,Side-swipe,1,0,4,3015,982104.2293524109,0
1903958,17,Parked Car,1,0,2,1938,3642949.5035722787,0
415068,17,Parked Car,0,0,7,4664,880709.8628297957,1
1235217,16,Rear-end,0,0,6,4043,2069366.5340971365,1
898820,23,Rear-end,0,0,2,3675,1780478.7130835985,1
635236,2,Side-swipe,1,0,5,2281,1320679.8398962147,0
1587761,2,Side-swipe,1,0,3,2763,3327265.18222841,0
1227107,5,Side-swipe,0,0,4,2469,1439092.8478912415,1
1967308,12,Parked Car,1,1,4,711,4531983.030549348,0
968521,23,Parked Car,1,0,6,1007,1686732.2421373825,0
1168256,14,Parked Car,0,0,4,831,1714278.42671333,1
66734,24,Rear-end,1,0,2,1050,95994.8776990087,0
1613318,8,Parked Car,1,0,9,1441,2865607.307507247,1
178852,3,Front-end,0,1,4,1227,418793.4322959432,0
1128535,13,Front-end,0,0,6,3362,1839158.3833319165,1
410495,4,Side-swipe,1,0,4,3743,882406.6385962749,0
195504,1,Parked Car,1,1,4,1148,241554.2288560953,0
466652,10,Front-end,1,0,8,3237,824331.1370410762,0
1991046,8,Side-swipe,1,1,2,3247,4954440.412318153,0
1774332,23,Parked Car,0,0,5,1509,3865582.6265057866,1
1108239,2,Rear-end,0,0,0,2050,1545705.1341013112,1
1524929,8,Front-end,1,0,9,1303,2747949.603062554,1
52434,2,Rear-end,0,0,4,4580,74827.23320000852,0
1769331,24,Parked Car,0,1,7,4809,2960772.482992024,1
426023,1,Front-end,1,1,4,4764,933892.5304610973,0
841030,11,Parked Car,1,0,8,3901,1833205.4889651635,0
1503213,9,Rear-end,1,0,5,4741,2133571.1347148893,0
5986,8,Front-end,1,1,7,3661,14313.200295464989,0
1188483,14,Rear-end,0,1,9,4655,2293291.3961796453,1
873832,7,Parked Car,1,0,7,1027,1426001.2042278869,0
1699384,24,Parked Car,0,0,2,3798,3063496.213013583,1
1039958,4,Rear-end,1,0,6,1523,2024901.9668156528,0
1676159,10,Front-end,1,1,6,4234,3157626.67555534,0
220684,1,Rear-end,1,0,9,932,393030.93240717234,0
666990,23,Parked Car,1,0,5,1676,1205188.1833994244,0
1398728,14,Rear-end,1,1,6,900,1884053.990108567,0
1810391,5,Parked Car,0,0,1,2604,4051340.1694998746,1
1691688,7,Rear-end,1,0,8,3550,3143942.004968527,1
323210,4,Front-end,1,0,9,2733,414843.85094220797,0
198275,15,Front-end,0,0,9,2945,430776.2190428555,1
289836,17,Rear-end,1,0,0,3335,697177.766083769,0
787994,5,Rear-end,1,0,0,3013,1911854.4138602628,0
1657440,4,Front-end,0,0,2,2273,2679458.650570604,1
1138856,15,Parked Car,1,0,2,1596,1468809.4863782686,0
1201693,12,Front-end,1,1,0,1428,2194002.3835385954,0
546477,4,Parked Car,1,1,6,2451,687278.3953579037,0
1846682,12,Rear-end,1,0,3,2473,4446039.055591204,0
1399681,16,Rear-end,1,0,9,2054,1899383.1829545095,0
913106,17,Parked Car,1,0,1,3278,1327539.432643195,0
889965,7,Rear-end,1,0,9,4921,1485610.6873088558,0
534136,12,Parked Car,0,0,4,1494,874076.3112096161,1
941718,18,Side-swipe,1,0,5,1112,2083577.4895844173,0
38602,2,Front-end,1,0,8,3093,67122.83866967155,0
74960,23,Side-swipe,0,0,3,1095,100377.10427779019,0
1413854,7,Parked Car,1,0,1,1341,2084153.4914015953,0
1139006,1,Front-end,1,0,4,4939,2064743.0805724582,0
1580165,7,Parked Car,0,0,2,1358,2064383.6272015357,1
1676514,12,Front-end,1,0,1,944,3279794.424760002,0
1776703,12,Front-end,1,0,0,2288,3361604.2115078773,0
179708,0,Front-end,1,1,9,4817,377491.61342139187,0
1203773,5,Front-end,0,1,1,3954,2904447.1971566947,0
214445,23,Parked Car,0,0,5,4452,509769.30109747226,1
232415,18,Front-end,0,0,7,1530,563491.5306828544,1
728452,15,Front-end,1,0,2,1795,1050866.1925163525,0
208624,7,Side-swipe,0,0,8,2563,267913.1527452603,1
437977,0,Rear-end,1,0,8,1947,667121.0394346663,0
526330,15,Rear-end,0,1,1,2545,1238517.250574932,0
1332897,8,Side-swipe,0,0,7,3350,3280092.724231313,1
1226880,12,Side-swipe,1,1,9,4324,2825572.0343570835,0
1754779,10,Parked Car,1,0,4,2568,2200536.4013274577,0
39581,12,Parked Car,0,0,3,4261,96039.30662768653,0
718716,24,Parked Car,1,1,9,2775,1216571.4631796265,0
355749,20,Side-swipe,0,0,4,2308,395960.87727978325,1
1269006,9,Side-swipe,1,0,3,1811,2181867.0359206633,0
805997,3,Front-end,1,0,7,4555,938580.9575712852,0
517813,5,Parked Car,0,0,3,2951,963872.1811862824,1
1263608,6,Parked Car,0,1,9,1589,1988888.2085023487,1
612880,4,Parked Car,0,0,5,2172,1080390.3229415687,1
1568408,10,Rear-end,1,1,1,4175,3071630.618813347,0
1365913,12,Front-end,1,1,4,4854,3163893.6956685283,0
1338182,24,Parked Car,0,1,5,2503,2712042.885568902,1
1077371,18,Parked Car,1,0,4,4698,1839792.4288736884,0
1062883,22,Parked Car,0,0,1,1624,2388509.609549806,1
1484640,9,Rear-end,0,1,6,1721,3515352.8506172053,1
158004,9,Rear-end,1,0,3,3360,200295.97523061404,0
1287143,10,Side-swipe,1,0,7,2773,2374400.6319367257,0
1534084,20,Front-end,1,0,6,3490,2298543.743349339,0
692940,6,Side-swipe,1,0,6,3010,807888.8210395927,0
395040,17,Front-end,0,0,8,736,804287.7610129603,1
1926775,3,Rear-end,1,0,0,1644,4446763.730634599,0
518423,1,Parked Car,0,0,9,3753,688498.7759789877,1
1216057,13,Side-swipe,1,1,5,4282,2720780.5413488066,0
745199,12,Parked Car,0,0,5,1266,1710048.4061303935,1
20370,11,Side-swipe,1,1,5,3181,48482.160743962784,0
952582,6,Rear-end,0,0,5,3165,1401628.321024478,1
1252272,1,Rear-end,0,1,9,2259,2962292.3579920623,1
249183,12,Rear-end,1,0,6,3991,385966.49009888375,0
1283753,13,Side-swipe,0,1,9,3315,2404820.1145025594,1
27290,16,Front-end,1,0,5,4013,31948.688430618175,0
1692238,8,Side-swipe,0,1,0,995,1965421.9433065245,0
812221,16,Front-end,0,0,2,3680,1712586.2517059876,1
448845,7,Side-swipe,0,1,1,4430,773033.1620016183,0
749574,1,Side-swipe,0,1,5,2572,1093485.5413650083,0
1536538,23,Rear-end,1,0,7,837,2099800.401297173,0
1588849,12,Parked Car,0,0,2,4449,3237970.807597449,1
1879990,2,Parked Car,1,1,9,3608,2069045.8582530783,0
1135264,15,Front-end,1,0,7,2317,2529649.3252299363,0
529536,5,Parked Car,1,1,7,636,641241.3272042652,0
1791205,18,Side-swipe,1,0,4,3055,2450521.5179400975,0
1713871,6,Side-swipe,1,0,7,4915,2812001.199866704,0
790641,9,Rear-end,1,1,5,1415,1406393.978359032,0
648749,8,Rear-end,0,0,4,4038,1036047.7169448505,1
1079431,1,Parked Car,0,1,8,2600,1672035.414145626,1
711631,14,Front-end,1,0,6,3407,1743127.6218227171,0
451515,4,Parked Car,1,0,7,3414,902222.4896872556,0
1455408,21,Parked Car,1,0,0,2482,1648695.1149874758,0
157042,3,Parked Car,1,0,1,4370,267324.15901947656,0
1222492,19,Parked Car,1,0,7,4067,2842308.7895143684,0
305562,3,Side-swipe,1,0,8,1498,465077.17732482316,0
1887732,17,Front-end,1,0,3,2647,2326401.0529671037,0
1612662,3,Side-swipe,0,0,9,895,3486153.8235304365,1
1550784,16,Front-end,1,1,9,4098,3021577.5760832294,0
867151,11,Rear-end,0,0,8,1438,1646231.986063965,1
1110705,21,Parked Car,0,0,3,2136,1305086.3536942445,1
1377260,16,Side-swipe,1,0,9,3224,1785891.132723364,0
1541810,9,Front-end,0,0,9,3010,3039785.0384054775,1
755695,21,Rear-end,0,1,9,2149,1051136.513019729,0
290660,0,Rear-end,0,0,8,4190,524844.2131315478,1
1597324,21,Parked Car,1,0,6,3935,2975550.0319573013,0
1869099,23,Front-end,1,0,1,3701,2797873.1081595114,0
214420,17,Side-swipe,1,0,8,4679,520567.85059168964,0
1938841,17,Parked Car,1,1,3,4866,4419490.63190567,0
1291880,13,Side-swipe,1,0,7,2791,2727575.841856924,0
1426041,14,Rear-end,0,1,6,4983,1724356.5317476764,1
1509933,11,Side-swipe,1,0,6,713,1885275.2058234562,0
1871903,3,Side-swipe,1,0,7,3737,3350507.7315361076,1
1553568,2,Parked Car,1,1,0,4362,2058475.5630663177,0
654483,19,Side-swipe,0,0,4,558,1616292.661514025,1
1464992,11,Parked Car,1,0,1,3430,1936614.4245635958,0
821552,6,Rear-end,1,0,1,3471,1464379.4452255385,0
1807650,10,Parked Car,0,0,0,2027,2909899.7997593665,1
128648,0,Parked Car,1,0,4,622,256670.8980861175,0
1856067,5,Front-end,0,0,1,4219,2376974.0084734354,1
1535337,14,Side-swipe,0,0,3,1936,2613823.7271538484,1
1404616,14,Rear-end,1,0,2,1662,2085274.7181060147,0
1241790,18,Parked Car,0,0,2,3800,2909330.352150878,1
732399,10,Rear-end,1,0,1,3845,847253.808974434,0
284376,22,Front-end,1,0,5,2986,676592.6377698132,0
260247,1,Side-swipe,0,0,1,1061,589769.6158064038,0
616150,13,Parked Car,1,1,7,4481,934452.4757090119,0
424070,1,Side-swipe,0,0,7,2237,935077.2831004879,1
276487,3,Front-end,0,1,4,1404,316217.901120331,0
1028012,16,Front-end,0,0,9,4054,2522342.3433234966,1
638853,2,Rear-end,0,0,6,4990,1173721.7624016406,1
858658,12,Parked Car,0,0,3,2226,1309104.3509910244,1
18140,8,Rear-end,1,0,0,3423,29162.16326705442,0
53028,6,Front-end,1,0,1,4031,63260.680316624566,0
1873921,14,Side-swipe,0,0,9,4406,4656861.0629844405,1
259714,22,Rear-end,1,0,9,1434,299971.9355400138,0
1888146,10,Rear-end,1,1,3,574,3808144.970920393,0
970740,19,Side-swipe,1,0,0,794,1669508.0642464743,0
501608,1,Rear-end,1,0,7,520,1218146.352922487,0
634921,14,Side-swipe,0,1,8,3742,917079.661561463,0
1417577,13,Parked Car,0,0,3,1538,2615318.361064604,1
1773302,19,Side-swipe,1,0,9,1609,3148140.721149098,1
1199235,21,Parked Car,1,0,2,4271,2499221.3560425923,0
1221578,10,Side-swipe,0,1,1,871,1460047.5243791637,0
156076,2,Front-end,0,1,4,1674,214027.7651605352,0
925118,16,Front-end,1,0,2,1664,1295526.6881285198,0
865791,11,Parked Car,1,0,9,1592,1847088.092259198,0
886589,23,Parked Car,1,1,6,1783,1210011.5026926794,0
928979,20,Front-end,1,0,5,2511,1767743.427458746,0
1060099,14,Parked Car,0,0,0,1345,1485560.562416937,1
546235,15,Side-swipe,1,0,7,2491,1259768.0864527707,0
388543,4,Side-swipe,1,0,1,1020,939908.6882612747,0
1335179,19,Front-end,0,0,4,4966,2437890.204506568,1
66703,5,Rear-end,1,0,8,4696,106273.38330476674,0
906088,18,Side-swipe,1,0,7,742,1293604.517750078,0
161275,24,Parked Car,0,0,1,3300,188642.30342888046,0
1058413,4,Rear-end,1,1,8,3396,1562111.8596077876,0
571215,2,Rear-end,1,0,4,3102,1151529.5074580505,0
1563799,0,Side-swipe,1,0,9,2773,2888436.3729901775,1
1372749,5,Side-swipe,0,0,5,2041,3324328.3090064107,1
364667,14,Rear-end,0,0,2,3265,603446.6366734854,0
1395885,1,Rear-end,1,0,2,2614,2891448.304248499,0
1679151,2,Front-end,0,0,9,4991,2997371.5930438368,1
687781,16,Parked Car,1,1,7,3583,1250115.3553103984,0
1344527,24,Front-end,1,1,9,2357,1983021.4142484225,0
421071,23,Side-swipe,0,0,9,1269,731371.3099778927,1
1176092,11,Front-end,1,0,1,1922,2068862.2561893365,0
791767,17,Front-end,1,0,1,906,1654238.4213246237,0
1593523,14,Front-end,0,1,4,3472,3851379.3627922754,1
498062,11,Front-end,1,1,5,2372,777499.5797476876,0
1752041,15,Parked Car,1,0,1,3194,2030756.8316431055,0
384434,7,Parked Car,1,0,4,2769,689987.208387398,0
1941124,13,Rear-end,1,1,6,1681,3614850.1424694117,0
1914260,24,Side-swipe,1,0,9,1939,2557100.613173692,1
317928,16,Front-end,1,0,9,3553,688202.9878817922,0
1368263,20,Rear-end,1,0,7,3833,3391788.179384873,0
1043392,7,Rear-end,1,0,6,3397,2529270.482940449,0
691407,14,Rear-end,1,1,7,3403,951340.3929789228,0
1932515,13,Parked Car,0,1,8,728,4494080.128179546,1
83344,17,Front-end,1,0,4,4459,173879.8446863336,0
1600896,19,Front-end,0,0,4,2393,2778171.2080571214,1
1214497,6,Side-swipe,0,0,9,1813,2255145.3030841607,1
122902,2,Front-end,0,0,3,1570,281376.7849879717,0
1167088,11,Front-end,1,0,8,1474,2068300.4170057375,0
439161,20,Rear-end,1,0,4,2238,712534.4699930074,0
399429,23,Side-swipe,1,0,1,3785,715196.194048627,0
580966,2,Front-end,1,0,9,1257,1110099.216023437,0
574195,19,Parked Car,1,0,7,3595,783608.9207757626,0
464056,13,Front-end,1,0,6,820,1095761.8927474902,0
575778,14,Rear-end,1,0,7,2821,1176810.6182325042,0
993676,24,Parked Car,0,0,2,1055,1974013.3745859452,1
1178549,13,Rear-end,0,1,3,1886,1460569.549016551,0
983549,6,Front-end,1,0,4,3547,1913832.4418020004,0
478507,16,Parked Car,1,0,5,2927,607390.4330480561,0
845073,11,Side-swipe,0,1,0,2504,1022687.6926585621,0
1466085,19,Side-swipe,0,1,3,2430,2695009.1322130295,0
1367790,3,Parked Car,1,0,9,2663,2275865.4358588373,0
1275232,8,Parked Car,0,1,4,4367,2453972.777804605,0
1218040,5,Rear-end,1,0,6,2926,1491990.6374126144,0
525803,15,Parked Car,1,0,4,4293,895640.3623519879,0
1110889,24,Rear-end,1,0,0,3013,1493813.9947257207,0
28212,21,Front-end,0,0,6,4303,70020.49467372765,1
1673861,21,Rear-end,1,0,7,2827,3156249.538031735,0
1974995,20,Parked Car,1,0,6,1117,4073252.608443471,1
1816290,20,Parked Car,1,0,3,2665,2825394.5566294193,0
113316,1,Front-end,1,0,7,3808,139677.20881399064,0
1177854,23,Parked Car,0,0,4,1492,2904846.158898256,1
1635656,7,Parked Car,1,0,9,1877,2454731.4322902025,1
286477,10,Side-swipe,1,0,8,4881,485100.516449558,0
135730,12,Side-swipe,1,1,9,3674,272791.4421297667,0
1767116,16,Front-end,0,1,4,1805,2004927.7858570467,1
807241,7,Rear-end,1,1,0,3578,1803669.2470890675,0
269614,20,Side-swipe,1,0,8,3186,499111.988976927,0
1383694,17,Rear-end,0,1,4,3483,2061017.8334216096,0
1004708,17,Parked Car,0,0,5,3023,1191836.0499621166,1
1882048,13,Side-swipe,1,0,3,4082,2498414.5449855784,0
151956,14,Front-end,0,0,5,1985,357559.67107830604,1
1853525,5,Front-end,0,0,7,2600,3819065.769539082,1
862812,10,Front-end,0,0,2,4215,1250958.6859485556,1
1154646,12,Side-swipe,1,0,4,2501,1376154.525177006,0
271346,24,Rear-end,1,1,1,1887,560834.58357681,0
1966964,0,Parked Car,1,0,1,3683,3739927.946420643,0
904,5,Rear-end,0,0,6,1530,1506.3599101543423,1
958947,8,Rear-end,1,1,9,2265,1542999.4517130498,0
703786,7,Parked Car,1,0,9,1720,987791.7927986608,0
1995769,10,Parked Car,1,0,9,4306,4066291.0429880754,1
1323983,21,Side-swipe,1,0,5,2914,3255588.454419657,0
1722820,18,Side-swipe,0,0,3,4845,2318918.035765641,1
715960,23,Side-swipe,1,0,4,2118,1386072.2613728198,0
885074,8,Side-swipe,0,0,0,1763,1499190.6296410398,1
1714296,16,Side-swipe,1,0,6,1371,2957784.964504789,0
235865,11,Parked Car,0,0,7,1334,343373.72751828574,1
343286,24,Rear-end,0,0,8,3322,774174.7512968283,1
1099688,13,Side-swipe,0,0,7,1418,1956738.4707388598,1
810506,14,Side-swipe,1,0,4,2224,1508163.7850985287,0
1859032,15,Rear-end,0,1,2,2913,2838119.6049352135,1
200744,21,Side-swipe,1,0,9,1813,271914.14208458463,0
1846424,21,Rear-end,1,0,8,4998,2253144.2036778065,1
1053885,19,Rear-end,0,0,5,2605,2212912.731167117,1
163773,0,Parked Car,1,0,4,3068,225143.32782081128,0
1757766,9,Front-end,0,0,2,1638,3631729.993043437,1
1193604,7,Parked Car,1,0,5,709,1965301.2425103998,0
1556040,17,Front-end,1,1,2,1564,2617391.109864712,0
1498689,0,Front-end,0,1,9,2720,2632969.513418492,1
1956796,1,Front-end,0,0,5,733,3159818.3530179216,1
1087841,0,Side-swipe,0,1,3,1292,1349867.0512985196,0
1880614,0,Parked Car,1,0,1,3610,2883892.4834313686,0
1365152,8,Front-end,1,0,7,2666,2770204.805958072,0
935104,12,Rear-end,1,0,3,834,1900223.119731606,0
844023,0,Side-swipe,1,0,8,1859,1266637.1578574707,0
546737,12,Parked Car,0,1,6,1714,953587.8816307789,0
1250228,19,Front-end,1,0,1,4919,1713845.1973760722,0
1348964,21,Rear-end,1,0,3,783,1881158.510424339,0
701403,6,Parked Car,0,1,4,712,794174.7157295236,0
1943827,1,Parked Car,0,0,2,2158,4578577.91821453,1
92693,5,Side-swipe,0,0,8,4578,129305.74606810359,1
1085263,6,Parked Car,1,0,4,1917,1539497.0370399756,0
506450,13,Side-swipe,1,1,1,2886,755340.8037883779,0
1187387,17,Front-end,0,1,2,2294,1517921.4632367084,0
911386,14,Side-swipe,1,0,8,604,1818185.9388715813,0
801421,1,Rear-end,0,0,6,4393,965872.6969499484,1
508653,9,Side-swipe,1,0,1,4345,655085.7534614479,0
1238165,22,Rear-end,0,1,8,4190,2479622.7973297914,1
586665,11,Side-swipe,1,0,3,3792,924305.2970806439,0
1485417,16,Parked Car,1,0,8,878,3106195.531653,0
1361142,7,Front-end,1,1,1,3793,2559484.124533729,0
618862,10,Rear-end,1,0,9,3829,902566.6852844717,0
687909,2,Side-swipe,0,0,3,3938,1383494.4664304284,1
561919,5,Side-swipe,0,0,4,724,709581.8462190933,1
640553,8,Side-swipe,0,1,1,1237,1185647.292158288,0
860895,5,Parked Car,0,0,9,735,1473858.5650498432,1
1680248,8,Parked Car,1,0,0,4778,2478404.4724945747,0
126417,6,Rear-end,0,0,6,1211,245957.79971892815,1
811217,8,Rear-end,0,0,9,2388,1881915.5718885097,1
1348846,17,Parked Car,1,0,0,1759,3370046.652119278,0
698668,11,Rear-end,1,0,7,1248,1363008.9573574034,0
482180,7,Front-end,1,1,2,4486,803595.509877655,0
971875,7,Front-end,0,0,9,4051,1375484.9107316695,1
281842,17,Parked Car,0,0,5,1009,411470.86643821595,1
1986338,19,Rear-end,1,0,6,2323,3518275.2993432693,1
540042,14,Side-swipe,0,0,9,3441,871729.7380970515,1
1093314,6,Front-end,0,1,0,4732,2601366.0953848357,0
1752,10,Parked Car,1,0,5,2634,2830.5551230659244,0
826696,19,Rear-end,1,0,6,2277,1341580.8096101936,0
864641,15,Parked Car,1,0,5,1722,1415372.6301115968,0
1534526,3,Side-swipe,0,0,3,4167,3485320.250908497,1
316326,5,Front-end,0,0,0,2277,636164.372932304,0
1370714,21,Parked Car,1,0,8,1804,2686375.178094415,0
606105,2,Parked Car,0,1,3,1201,950251.5592147592,0
327859,8,Parked Car,1,1,6,3489,736065.0437169495,0
1651951,9,Side-swipe,1,0,6,651,1905871.4067825768,0
7449,13,Parked Car,1,1,1,1825,17275.095391445244,0
763685,10,Side-swipe,0,0,0,1801,1388264.670113778,1
318037,17,Side-swipe,0,0,7,4222,527162.3339233573,1
1777989,21,Side-swipe,1,0,7,2211,3193329.03878634,1
662801,11,Front-end,1,0,6,1306,1348390.2534746951,0
550722,22,Front-end,1,0,7,4830,615636.4817119053,0
1989966,11,Parked Car,0,0,2,3222,4617064.586224311,1
781222,12,Parked Car,0,0,1,1825,1347948.0436199438,1
1504178,24,Front-end,1,0,6,4633,2376831.571137194,0
1386965,12,Rear-end,1,0,7,1659,1794099.965315496,0
476967,18,Front-end,1,1,0,3369,818118.3736962724,0
357100,18,Side-swipe,0,0,9,1742,640941.6062759124,1
1364633,22,Front-end,1,0,8,847,2272257.739505405,0
974804,13,Side-swipe,1,0,3,2331,1998469.2037439682,0
1932747,3,Parked Car,1,0,3,2069,3264902.804577731,0
1353538,12,Rear-end,1,1,2,4435,3310733.1156766135,0
251375,7,Parked Car,0,0,5,2418,487413.2404600676,1
463889,22,Side-swipe,1,0,0,3732,1034690.0849282797,0
70890,20,Side-swipe,0,1,5,4258,88832.13596000335,0
708189,22,Side-swipe,1,0,1,2855,1172908.1528440951,0
253990,18,Rear-end,1,0,8,1897,399167.3267667873,0
1616452,11,Front-end,0,0,1,3280,3066854.523375438,1
1297016,17,Parked Car,1,1,6,2324,2990346.8186703864,0
365840,5,Parked Car,0,0,0,2991,442546.9550204736,0
433527,17,Front-end,1,0,6,4560,520928.0882607011,0
1557117,18,Parked Car,1,0,4,904,3566490.52228253,0
1366699,21,Rear-end,0,0,7,2221,1910631.699633952,1
1265540,4,Parked Car,0,0,3,3325,2576961.591090984,1
1791805,23,Side-swipe,1,0,9,4345,3332809.9527366534,1
1559812,8,Front-end,0,0,6,4710,3534613.5936395344,1
1855471,2,Rear-end,1,1,5,3692,2365956.482472286,0
1366343,9,Front-end,1,1,4,564,1751236.5654280619,0
650699,18,Rear-end,1,0,3,1799,1223018.5103006284,0
1937976,2,Side-swipe,0,1,6,1915,4699456.363969179,1
224277,21,Front-end,1,0,4,4093,377008.9331557647,0
860409,14,Parked Car,1,0,4,1468,1340275.3957532586,0
1849896,0,Rear-end,0,0,0,868,3606122.613117067,1
1054645,6,Front-end,1,1,1,732,2533919.65005054,0
594624,11,Parked Car,1,1,4,2742,1350806.7259483621,0
629361,16,Front-end,1,0,2,3583,1569423.085028538,0
430302,20,Front-end,0,1,1,1420,486928.02908480907,0
258590,23,Front-end,1,0,3,1188,325306.5826977825,0
1716451,19,Rear-end,0,1,3,4772,3352666.2726577627,1
1094078,4,Parked Car,0,1,3,1969,2460370.281430899,0
772454,3,Side-swipe,1,0,3,4759,1158172.7864691236,0
662114,11,Rear-end,1,1,2,4122,950064.4144797643,0
1983724,19,Rear-end,0,0,6,2600,4367696.292912343,1
680074,23,Rear-end,0,0,8,2765,801762.7660283357,1
499370,17,Side-swipe,0,0,4,4289,807549.0578126417,1
1260867,16,Parked Car,0,0,3,1323,2279815.1198872523,1
203346,18,Parked Car,0,1,1,3931,383203.12614821724,0
1710526,8,Parked Car,0,0,1,4651,3626419.8375633694,1
667497,3,Front-end,1,0,4,4713,1065848.5381939118,0
1726851,20,Front-end,1,1,6,1297,3380756.5025999662,0
1073147,1,Front-end,1,1,9,1279,2059933.130378585,0
1631607,3,Side-swipe,1,0,9,3350,3045659.6683951016,1
1028955,1,Front-end,0,1,8,3392,2054490.3816532027,1
912759,14,Side-swipe,1,0,6,2393,1335575.292308897,0
1943723,1,Parked Car,1,1,4,3806,2368442.5209692866,0
172812,3,Front-end,1,0,9,3402,218949.406663945,0
1306294,5,Front-end,1,0,9,4218,1847642.2665530932,0
1263955,6,Rear-end,1,0,9,521,2275469.254231183,0
1412790,9,Side-swipe,1,0,5,2000,3216385.7589614764,0
427150,18,Parked Car,0,0,2,1342,889245.4315022745,1
332368,18,Rear-end,1,0,4,2260,732757.3865523963,0
1950867,21,Rear-end,1,0,7,4141,3104543.167530551,1
1911205,11,Parked Car,1,1,0,691,3185052.256030384,0
1602096,2,Rear-end,1,0,0,895,2645308.244745224,0
1694829,12,Side-swipe,0,0,6,4826,2319581.032151536,1
929318,17,Side-swipe,0,0,4,1373,1101895.4392377352,1
1466246,7,Front-end,1,0,4,3121,2825870.30042097,0
57608,20,Rear-end,1,1,0,4835,143150.31257789038,0
1529797,14,Front-end,1,1,8,589,2040078.5150013163,0
1160271,0,Rear-end,0,0,0,2779,1352131.9597370904,1
1938589,2,Side-swipe,0,0,4,956,4248116.060949527,1
1085744,7,Side-swipe,1,1,9,2780,1578259.637738659,0
285705,3,Side-swipe,1,0,8,4949,646122.2367717018,0
1390472,15,Rear-end,1,1,3,1504,2899845.1153987437,0
1613113,22,Side-swipe,1,0,7,844,3910093.886921688,0
131060,9,Rear-end,1,1,5,3211,219197.6049255772,0
1047672,11,Front-end,0,0,2,2962,2123377.3718916946,1
1415900,13,Rear-end,1,0,3,1616,2478953.037814914,0
148479,13,Front-end,1,1,1,1125,294407.75086274534,0
1198925,1,Rear-end,1,0,0,4879,2073467.0157394572,0
749089,22,Front-end,1,0,7,2479,1021821.1771781894,0
52245,4,Side-swipe,1,0,0,4494,94618.6406987353,0
1419684,4,Front-end,0,0,0,2178,2612243.9468069198,1
92365,5,Side-swipe,1,0,3,722,206421.49422236969,0
1947936,12,Side-swipe,0,0,9,1243,4148575.7661850154,1
1261966,8,Front-end,1,0,9,962,2560918.044698444,0
1072700,21,Rear-end,0,0,5,2068,1350252.4723589425,1
23821,14,Rear-end,0,1,8,3847,50235.2209238605,0
404204,13,Parked Car,1,0,0,2236,727739.8835867684,0
809506,23,Rear-end,0,0,6,4539,1903747.1147052136,1
1971820,6,Parked Car,1,0,9,4451,4708349.867472201,1
1223369,24,Rear-end,1,0,4,1164,1440173.508323082,0
928482,19,Rear-end,0,0,7,1856,2088061.4841374662,1
1832491,1,Side-swipe,1,0,6,1514,2112452.280142242,0
187217,6,Parked Car,1,0,3,2632,302175.2541392431,0
1028702,5,Rear-end,1,0,3,3168,1912583.2973298975,0
1985842,16,Parked Car,0,0,5,1554,2596172.900606209,1
1430051,24,Side-swipe,0,0,5,2264,3067229.6395695093,1
184368,24,Side-swipe,0,0,8,4958,204961.2761383324,1
660292,1,Parked Car,0,0,4,3369,882175.6440440499,1
95757,2,Side-swipe,0,0,7,1912,183194.206850791,1
589079,4,Front-end,1,0,4,1167,1237149.8949203128,0
210676,4,Front-end,1,1,1,3870,502104.18322440085,0
190971,0,Side-swipe,1,0,5,1894,398689.26156324986,0
914532,7,Front-end,1,0,8,598,1866094.2954186124,0
473430,11,Rear-end,0,0,2,4570,782143.100483513,1
1885936,23,Parked Car,0,0,0,921,2077920.8820764394,1
1792167,3,Rear-end,0,0,0,4150,2272867.3415506207,1
1567938,12,Parked Car,0,0,2,4657,2898139.537313972,1
1966882,22,Side-swipe,1,1,9,1632,4022631.3481812216,0
1524850,14,Rear-end,1,0,4,2202,2568499.421979329,0
918059,10,Side-swipe,0,1,2,4120,1948993.9197026393,0
636105,9,Side-swipe,0,0,8,3690,1164458.4015211856,1
1188865,2,Parked Car,1,0,7,1097,1431211.175885325,0
390093,21,Parked Car,1,0,2,891,533968.1735443762,0
815631,13,Parked Car,0,0,8,1575,1856374.1271517526,1
1122762,15,Rear-end,1,0,5,3150,2374504.4793157685,0
68161,9,Front-end,1,0,6,2884,160360.12051546213,0
569035,9,Parked Car,0,0,3,1309,719590.364954945,1
1294197,11,Parked Car,0,1,3,3809,3217776.9470837153,0
1721184,8,Rear-end,1,1,1,4238,2397900.8797604837,0
